Year,RoundNumber,Driver,StartingCompound,StartingTyreLife,TyreLifeAtEnd,FirstStintLength
2022,14,ALB,MEDIUM,1.0,11.0,10.0
2022,14,ALO,MEDIUM,1.0,12.0,11.0
2022,14,BOT,SOFT,1.0,3.0,2.0
2022,14,GAS,MEDIUM,1.0,11.0,10.0
2022,14,HAM,MEDIUM,1.0,2.0,1.0
2022,14,LAT,MEDIUM,1.0,4.0,3.0
2022,14,LEC,SOFT,1.0,4.0,3.0
2022,14,MAG,MEDIUM,1.0,12.0,11.0
2022,14,MSC,MEDIUM,1.0,15.0,14.0
2022,14,NOR,MEDIUM,1.0,14.0,13.0
2022,14,OCO,MEDIUM,1.0,13.0,12.0
2022,14,PER,MEDIUM,1.0,15.0,14.0
2022,14,RIC,MEDIUM,1.0,13.0,12.0
2022,14,RUS,MEDIUM,1.0,14.0,13.0
2022,14,SAI,SOFT,3.0,14.0,11.0
2022,14,STR,MEDIUM,2.0,17.0,15.0
2022,14,TSU,HARD,1.0,19.0,18.0
2022,14,VER,SOFT,1.0,16.0,15.0
2022,14,VET,MEDIUM,2.0,16.0,14.0
2022,14,ZHO,MEDIUM,1.0,15.0,14.0
2022,15,ALB,MEDIUM,1.0,22.0,21.0
2022,15,ALO,SOFT,1.0,13.0,12.0
2022,15,BOT,SOFT,1.0,17.0,16.0
2022,15,GAS,SOFT,4.0,15.0,11.0
2022,15,HAM,MEDIUM,1.0,30.0,29.0
2022,15,LAT,SOFT,1.0,14.0,13.0
2022,15,LEC,SOFT,4.0,21.0,17.0
2022,15,MAG,MEDIUM,1.0,15.0,14.0
2022,15,MSC,MEDIUM,1.0,14.0,13.0
2022,15,NOR,MEDIUM,1.0,18.0,17.0
2022,15,OCO,SOFT,1.0,19.0,18.0
2022,15,PER,SOFT,6.0,20.0,14.0
2022,15,RIC,SOFT,1.0,12.0,11.0
2022,15,RUS,MEDIUM,1.0,32.0,31.0
2022,15,SAI,SOFT,4.0,18.0,14.0
2022,15,STR,SOFT,1.0,17.0,16.0
2022,15,TSU,SOFT,4.0,17.0,13.0
2022,15,VER,SOFT,1.0,19.0,18.0
2022,15,VET,SOFT,1.0,10.0,9.0
2022,15,ZHO,SOFT,1.0,13.0,12.0
2022,20,ALB,MEDIUM,1.0,39.0,38.0
2022,20,ALO,MEDIUM,1.0,41.0,40.0
2022,20,BOT,MEDIUM,1.0,40.0,39.0
2022,20,GAS,MEDIUM,1.0,41.0,40.0
2022,20,HAM,MEDIUM,1.0,30.0,29.0
2022,20,LAT,SOFT,1.0,24.0,23.0
2022,20,LEC,SOFT,3.0,31.0,28.0
2022,20,MAG,MEDIUM,1.0,39.0,38.0
2022,20,MSC,SOFT,6.0,30.0,24.0
2022,20,NOR,MEDIUM,1.0,32.0,31.0
2022,20,OCO,MEDIUM,1.0,34.0,33.0
2022,20,PER,SOFT,4.0,27.0,23.0
2022,20,RIC,MEDIUM,1.0,45.0,44.0
2022,20,RUS,MEDIUM,1.0,35.0,34.0
2022,20,SAI,SOFT,4.0,33.0,29.0
2022,20,STR,MEDIUM,2.0,19.0,17.0
2022,20,TSU,SOFT,1.0,30.0,29.0
2022,20,VER,SOFT,4.0,29.0,25.0
2022,20,VET,SOFT,1.0,39.0,38.0
2022,20,ZHO,MEDIUM,1.0,46.0,45.0
2022,21,ALB,HARD,1.0,5.0,4.0
2022,21,ALO,MEDIUM,1.0,15.0,14.0
2022,21,BOT,SOFT,1.0,25.0,24.0
2022,21,GAS,SOFT,1.0,20.0,19.0
2022,21,HAM,SOFT,1.0,30.0,29.0
2022,21,LAT,MEDIUM,1.0,21.0,20.0
2022,21,LEC,MEDIUM,1.0,8.0,7.0
2022,21,MAG,MEDIUM,1.0,2.0,1.0
2022,21,MSC,MEDIUM,1.0,25.0,24.0
2022,21,NOR,SOFT,1.0,25.0,24.0
2022,21,OCO,SOFT,1.0,25.0,24.0
2022,21,PER,SOFT,1.0,24.0,23.0
2022,21,RIC,SOFT,1.0,2.0,1.0
2022,21,RUS,SOFT,1.0,25.0,24.0
2022,21,SAI,MEDIUM,1.0,18.0,17.0
2022,21,STR,MEDIUM,2.0,31.0,29.0
2022,21,TSU,MEDIUM,1.0,21.0,20.0
2022,21,VER,SOFT,1.0,8.0,7.0
2022,21,VET,SOFT,1.0,27.0,26.0
2022,21,ZHO,SOFT,1.0,17.0,16.0
2022,8,ALB,MEDIUM,1.0,10.0,9.0
2022,8,ALO,MEDIUM,1.0,19.0,18.0
2022,8,BOT,HARD,1.0,34.0,33.0
2022,8,GAS,MEDIUM,1.0,10.0,9.0
2022,8,HAM,MEDIUM,1.0,10.0,9.0
2022,8,LAT,MEDIUM,1.0,4.0,3.0
2022,8,LEC,MEDIUM,1.0,10.0,9.0
2022,8,MAG,MEDIUM,3.0,12.0,9.0
2022,8,MSC,HARD,1.0,10.0,9.0
2022,8,NOR,MEDIUM,1.0,21.0,20.0
2022,8,OCO,HARD,1.0,34.0,33.0
2022,8,PER,MEDIUM,1.0,17.0,16.0
2022,8,RIC,HARD,1.0,34.0,33.0
2022,8,RUS,MEDIUM,1.0,10.0,9.0
2022,8,SAI,MEDIUM,1.0,10.0,9.0
2022,8,STR,HARD,2.0,32.0,30.0
2022,8,TSU,MEDIUM,1.0,10.0,9.0
2022,8,VER,MEDIUM,1.0,19.0,18.0
2022,8,VET,MEDIUM,2.0,11.0,9.0
2022,8,ZHO,MEDIUM,1.0,10.0,9.0
2022,9,ALB,MEDIUM,1.0,19.0,18.0
2022,9,ALO,MEDIUM,1.0,29.0,28.0
2022,9,BOT,HARD,1.0,50.0,49.0
2022,9,GAS,MEDIUM,1.0,6.0,5.0
2022,9,HAM,MEDIUM,1.0,10.0,9.0
2022,9,LAT,MEDIUM,1.0,10.0,9.0
2022,9,LEC,HARD,1.0,42.0,41.0
2022,9,MAG,MEDIUM,1.0,8.0,7.0
2022,9,MSC,MEDIUM,1.0,20.0,19.0
2022,9,NOR,HARD,1.0,20.0,19.0
2022,9,OCO,MEDIUM,1.0,20.0,19.0
2022,9,PER,HARD,1.0,9.0,8.0
2022,9,RIC,MEDIUM,1.0,20.0,19.0
2022,9,RUS,MEDIUM,1.0,20.0,19.0
2022,9,SAI,MEDIUM,1.0,21.0,20.0
2022,9,STR,HARD,1.0,48.0,47.0
2022,9,TSU,MEDIUM,1.0,10.0,9.0
2022,9,VER,MEDIUM,1.0,10.0,9.0
2022,9,VET,MEDIUM,2.0,7.0,5.0
2022,9,ZHO,MEDIUM,1.0,20.0,19.0
2022,2,ALB,MEDIUM,1.0,14.0,13.0
2022,2,ALO,MEDIUM,1.0,17.0,16.0
2022,2,BOT,MEDIUM,1.0,17.0,16.0
2022,2,GAS,MEDIUM,1.0,16.0,15.0
2022,2,HAM,HARD,2.0,42.0,40.0
2022,2,HUL,HARD,2.0,39.0,37.0
2022,2,LAT,MEDIUM,1.0,16.0,15.0
2022,2,LEC,MEDIUM,1.0,17.0,16.0
2022,2,MAG,HARD,3.0,40.0,37.0
2022,2,NOR,MEDIUM,1.0,17.0,16.0
2022,2,OCO,MEDIUM,1.0,17.0,16.0
2022,2,PER,MEDIUM,1.0,16.0,15.0
2022,2,RIC,MEDIUM,1.0,9.0,8.0
2022,2,RUS,MEDIUM,1.0,17.0,16.0
2022,2,SAI,MEDIUM,1.0,17.0,16.0
2022,2,STR,MEDIUM,2.0,15.0,13.0
2022,2,VER,MEDIUM,1.0,17.0,16.0
2022,2,ZHO,MEDIUM,1.0,17.0,16.0
2022,3,ALB,HARD,1.0,58.0,57.0
2022,3,ALO,HARD,1.0,40.0,39.0
2022,3,BOT,MEDIUM,1.0,23.0,22.0
2022,3,GAS,MEDIUM,1.0,22.0,21.0
2022,3,HAM,MEDIUM,1.0,23.0,22.0
2022,3,LAT,MEDIUM,1.0,14.0,13.0
2022,3,LEC,MEDIUM,1.0,23.0,22.0
2022,3,MAG,HARD,1.0,40.0,39.0
2022,3,MSC,MEDIUM,3.0,17.0,14.0
2022,3,NOR,MEDIUM,1.0,21.0,20.0
2022,3,OCO,MEDIUM,1.0,18.0,17.0
2022,3,PER,MEDIUM,1.0,21.0,20.0
2022,3,RIC,MEDIUM,1.0,22.0,21.0
2022,3,RUS,MEDIUM,1.0,24.0,23.0
2022,3,SAI,HARD,1.0,3.0,2.0
2022,3,STR,HARD,2.0,5.0,3.0
2022,3,TSU,MEDIUM,1.0,19.0,18.0
2022,3,VER,MEDIUM,1.0,19.0,18.0
2022,3,VET,HARD,2.0,25.0,23.0
2022,3,ZHO,MEDIUM,1.0,22.0,21.0
2022,5,ALB,MEDIUM,1.0,17.0,16.0
2022,5,ALO,MEDIUM,1.0,16.0,15.0
2022,5,BOT,MEDIUM,1.0,27.0,26.0
2022,5,GAS,MEDIUM,1.0,17.0,16.0
2022,5,HAM,MEDIUM,1.0,23.0,22.0
2022,5,LAT,HARD,1.0,35.0,34.0
2022,5,LEC,MEDIUM,1.0,25.0,24.0
2022,5,MAG,MEDIUM,1.0,13.0,12.0
2022,5,MSC,MEDIUM,1.0,15.0,14.0
2022,5,NOR,MEDIUM,1.0,19.0,18.0
2022,5,OCO,HARD,1.0,42.0,41.0
2022,5,PER,MEDIUM,1.0,28.0,27.0
2022,5,RIC,MEDIUM,1.0,31.0,30.0
2022,5,RUS,HARD,1.0,41.0,40.0
2022,5,SAI,MEDIUM,1.0,28.0,27.0
2022,5,STR,HARD,3.0,43.0,40.0
2022,5,TSU,MEDIUM,1.0,12.0,11.0
2022,5,VER,MEDIUM,1.0,27.0,26.0
2022,5,VET,HARD,3.0,44.0,41.0
2022,5,ZHO,MEDIUM,1.0,7.0,6.0
2022,4,ALB,INTERMEDIATE,1.0,18.0,17.0
2022,4,ALO,INTERMEDIATE,1.0,7.0,6.0
2022,4,BOT,INTERMEDIATE,1.0,19.0,18.0
2022,4,GAS,INTERMEDIATE,1.0,18.0,17.0
2022,4,HAM,INTERMEDIATE,1.0,19.0,18.0
2022,4,LAT,INTERMEDIATE,1.0,19.0,18.0
2022,4,LEC,INTERMEDIATE,1.0,20.0,19.0
2022,4,MAG,INTERMEDIATE,1.0,19.0,18.0
2022,4,MSC,INTERMEDIATE,1.0,19.0,18.0
2022,4,NOR,INTERMEDIATE,1.0,20.0,19.0
2022,4,OCO,INTERMEDIATE,1.0,19.0,18.0
2022,4,PER,INTERMEDIATE,1.0,19.0,18.0
2022,4,RIC,INTERMEDIATE,1.0,3.0,2.0
2022,4,RUS,INTERMEDIATE,1.0,19.0,18.0
2022,4,SAI,INTERMEDIATE,1.0,2.0,1.0
2022,4,STR,INTERMEDIATE,1.0,19.0,18.0
2022,4,TSU,INTERMEDIATE,1.0,19.0,18.0
2022,4,VER,INTERMEDIATE,1.0,20.0,19.0
2022,4,VET,INTERMEDIATE,1.0,18.0,17.0
2022,4,ZHO,INTERMEDIATE,1.0,19.0,18.0
2022,13,ALB,SOFT,1.0,3.0,2.0
2022,13,ALO,MEDIUM,1.0,22.0,21.0
2022,13,BOT,MEDIUM,1.0,27.0,26.0
2022,13,GAS,SOFT,1.0,17.0,16.0
2022,13,HAM,MEDIUM,1.0,20.0,19.0
2022,13,LAT,MEDIUM,1.0,19.0,18.0
2022,13,LEC,MEDIUM,1.0,22.0,21.0
2022,13,MAG,MEDIUM,1.0,7.0,6.0
2022,13,MSC,MEDIUM,1.0,22.0,21.0
2022,13,NOR,SOFT,4.0,18.0,14.0
2022,13,OCO,MEDIUM,1.0,24.0,23.0
2022,13,PER,SOFT,1.0,19.0,18.0
2022,13,RIC,SOFT,3.0,18.0,15.0
2022,13,RUS,SOFT,4.0,20.0,16.0
2022,13,SAI,MEDIUM,1.0,18.0,17.0
2022,13,STR,SOFT,4.0,18.0,14.0
2022,13,TSU,SOFT,1.0,14.0,13.0
2022,13,VER,SOFT,2.0,18.0,16.0
2022,13,VET,SOFT,1.0,16.0,15.0
2022,13,ZHO,MEDIUM,1.0,28.0,27.0
2022,12,ALB,MEDIUM,1.0,19.0,18.0
2022,12,ALO,MEDIUM,1.0,19.0,18.0
2022,12,BOT,HARD,1.0,19.0,18.0
2022,12,GAS,HARD,1.0,19.0,18.0
2022,12,HAM,MEDIUM,1.0,19.0,18.0
2022,12,LAT,MEDIUM,1.0,20.0,19.0
2022,12,LEC,MEDIUM,1.0,19.0,18.0
2022,12,MAG,MEDIUM,1.0,9.0,8.0
2022,12,MSC,MEDIUM,1.0,10.0,9.0
2022,12,NOR,MEDIUM,1.0,19.0,18.0
2022,12,OCO,MEDIUM,1.0,19.0,18.0
2022,12,PER,MEDIUM,1.0,19.0,18.0
2022,12,RIC,MEDIUM,1.0,19.0,18.0
2022,12,RUS,MEDIUM,1.0,19.0,18.0
2022,12,SAI,HARD,1.0,19.0,18.0
2022,12,STR,MEDIUM,3.0,21.0,18.0
2022,12,TSU,MEDIUM,1.0,12.0,11.0
2022,12,VER,MEDIUM,1.0,17.0,16.0
2022,12,VET,MEDIUM,3.0,22.0,19.0
2022,12,ZHO,MEDIUM,1.0,10.0,9.0
2022,19,ALB,MEDIUM,1.0,10.0,9.0
2022,19,ALO,HARD,1.0,19.0,18.0
2022,19,BOT,MEDIUM,1.0,11.0,10.0
2022,19,GAS,MEDIUM,1.0,12.0,11.0
2022,19,HAM,MEDIUM,1.0,13.0,12.0
2022,19,LAT,MEDIUM,1.0,6.0,5.0
2022,19,LEC,MEDIUM,1.0,19.0,18.0
2022,19,MAG,HARD,1.0,19.0,18.0
2022,19,MSC,HARD,1.0,19.0,18.0
2022,19,NOR,MEDIUM,1.0,15.0,14.0
2022,19,OCO,HARD,1.0,19.0,18.0
2022,19,PER,MEDIUM,1.0,15.0,14.0
2022,19,RIC,MEDIUM,1.0,11.0,10.0
2022,19,RUS,MEDIUM,1.0,14.0,13.0
2022,19,SAI,MEDIUM,1.0,2.0,1.0
2022,19,STR,MEDIUM,2.0,17.0,15.0
2022,19,TSU,MEDIUM,1.0,11.0,10.0
2022,19,VER,MEDIUM,1.0,14.0,13.0
2022,19,VET,MEDIUM,2.0,20.0,18.0
2022,19,ZHO,MEDIUM,1.0,10.0,9.0
2022,18,ALB,INTERMEDIATE,1.0,2.0,1.0
2022,18,ALO,INTERMEDIATE,1.0,3.0,2.0
2022,18,BOT,INTERMEDIATE,1.0,3.0,2.0
2022,18,GAS,INTERMEDIATE,1.0,2.0,1.0
2022,18,HAM,INTERMEDIATE,2.0,4.0,2.0
2022,18,LAT,INTERMEDIATE,1.0,3.0,2.0
2022,18,LEC,INTERMEDIATE,1.0,3.0,2.0
2022,18,MAG,INTERMEDIATE,1.0,3.0,2.0
2022,18,MSC,INTERMEDIATE,1.0,3.0,2.0
2022,18,NOR,INTERMEDIATE,1.0,3.0,2.0
2022,18,OCO,INTERMEDIATE,1.0,3.0,2.0
2022,18,PER,INTERMEDIATE,1.0,3.0,2.0
2022,18,RIC,INTERMEDIATE,1.0,3.0,2.0
2022,18,RUS,INTERMEDIATE,1.0,3.0,2.0
2022,18,SAI,INTERMEDIATE,1.0,2.0,1.0
2022,18,STR,INTERMEDIATE,1.0,3.0,2.0
2022,18,TSU,INTERMEDIATE,1.0,3.0,2.0
2022,18,VER,INTERMEDIATE,1.0,3.0,2.0
2022,18,VET,INTERMEDIATE,1.0,3.0,2.0
2022,18,ZHO,INTERMEDIATE,1.0,3.0,2.0
2022,1,ALB,SOFT,1.0,14.0,13.0
2022,1,ALO,SOFT,4.0,15.0,11.0
2022,1,BOT,SOFT,4.0,18.0,14.0
2022,1,GAS,SOFT,4.0,18.0,14.0
2022,1,HAM,SOFT,3.0,14.0,11.0
2022,1,HUL,SOFT,1.0,20.0,19.0
2022,1,LAT,SOFT,1.0,15.0,14.0
2022,1,LEC,SOFT,1.0,16.0,15.0
2022,1,MAG,SOFT,1.0,15.0,14.0
2022,1,MSC,SOFT,1.0,13.0,12.0
2022,1,NOR,MEDIUM,1.0,25.0,24.0
2022,1,OCO,SOFT,1.0,15.0,14.0
2022,1,PER,SOFT,4.0,19.0,15.0
2022,1,RIC,MEDIUM,1.0,18.0,17.0
2022,1,RUS,SOFT,4.0,19.0,15.0
2022,1,SAI,SOFT,4.0,18.0,14.0
2022,1,STR,SOFT,1.0,19.0,18.0
2022,1,TSU,SOFT,1.0,16.0,15.0
2022,1,VER,SOFT,4.0,18.0,14.0
2022,1,ZHO,SOFT,1.0,16.0,15.0
2022,17,ALB,INTERMEDIATE,1.0,26.0,25.0
2022,17,ALO,INTERMEDIATE,1.0,22.0,21.0
2022,17,BOT,INTERMEDIATE,1.0,34.0,33.0
2022,17,GAS,INTERMEDIATE,4.0,37.0,33.0
2022,17,HAM,INTERMEDIATE,1.0,35.0,34.0
2022,17,LAT,INTERMEDIATE,1.0,8.0,7.0
2022,17,LEC,INTERMEDIATE,1.0,35.0,34.0
2022,17,MAG,INTERMEDIATE,1.0,8.0,7.0
2022,17,MSC,INTERMEDIATE,1.0,35.0,34.0
2022,17,NOR,INTERMEDIATE,1.0,37.0,36.0
2022,17,OCO,INTERMEDIATE,1.0,28.0,27.0
2022,17,PER,INTERMEDIATE,1.0,36.0,35.0
2022,17,RIC,INTERMEDIATE,1.0,37.0,36.0
2022,17,RUS,INTERMEDIATE,1.0,22.0,21.0
2022,17,SAI,INTERMEDIATE,1.0,36.0,35.0
2022,17,STR,INTERMEDIATE,1.0,36.0,35.0
2022,17,TSU,INTERMEDIATE,7.0,40.0,33.0
2022,17,VER,INTERMEDIATE,1.0,36.0,35.0
2022,17,VET,INTERMEDIATE,1.0,35.0,34.0
2022,17,ZHO,INTERMEDIATE,1.0,8.0,7.0
2022,16,ALO,MEDIUM,1.0,32.0,31.0
2022,16,BOT,MEDIUM,1.0,36.0,35.0
2022,16,DEV,SOFT,1.0,20.0,19.0
2022,16,GAS,MEDIUM,1.0,19.0,18.0
2022,16,HAM,MEDIUM,1.0,34.0,33.0
2022,16,LAT,MEDIUM,1.0,16.0,15.0
2022,16,LEC,SOFT,1.0,13.0,12.0
2022,16,MAG,MEDIUM,1.0,25.0,24.0
2022,16,MSC,MEDIUM,1.0,34.0,33.0
2022,16,NOR,MEDIUM,1.0,36.0,35.0
2022,16,OCO,SOFT,1.0,20.0,19.0
2022,16,PER,MEDIUM,1.0,8.0,7.0
2022,16,RIC,MEDIUM,1.0,20.0,19.0
2022,16,RUS,SOFT,1.0,24.0,23.0
2022,16,SAI,MEDIUM,1.0,31.0,30.0
2022,16,STR,MEDIUM,2.0,20.0,18.0
2022,16,TSU,MEDIUM,1.0,20.0,19.0
2022,16,VER,SOFT,1.0,26.0,25.0
2022,16,VET,MEDIUM,2.0,13.0,11.0
2022,16,ZHO,MEDIUM,1.0,19.0,18.0
2022,10,ALB,SOFT,1.0,2.0,1.0
2022,10,ALO,MEDIUM,1.0,2.0,1.0
2022,10,BOT,MEDIUM,1.0,2.0,1.0
2022,10,GAS,MEDIUM,1.0,2.0,1.0
2022,10,HAM,MEDIUM,1.0,2.0,1.0
2022,10,LAT,SOFT,1.0,2.0,1.0
2022,10,LEC,MEDIUM,1.0,2.0,1.0
2022,10,MAG,SOFT,1.0,2.0,1.0
2022,10,MSC,MEDIUM,3.0,4.0,1.0
2022,10,NOR,MEDIUM,1.0,2.0,1.0
2022,10,OCO,MEDIUM,1.0,2.0,1.0
2022,10,PER,MEDIUM,1.0,2.0,1.0
2022,10,RIC,MEDIUM,1.0,2.0,1.0
2022,10,RUS,HARD,1.0,2.0,1.0
2022,10,SAI,MEDIUM,1.0,2.0,1.0
2022,10,STR,MEDIUM,3.0,4.0,1.0
2022,10,TSU,MEDIUM,1.0,2.0,1.0
2022,10,VER,SOFT,1.0,2.0,1.0
2022,10,VET,SOFT,1.0,2.0,1.0
2022,10,ZHO,MEDIUM,1.0,2.0,1.0
2022,11,ALB,MEDIUM,1.0,12.0,11.0
2022,11,ALO,HARD,1.0,28.0,27.0
2022,11,BOT,MEDIUM,1.0,7.0,6.0
2022,11,GAS,MEDIUM,1.0,13.0,12.0
2022,11,HAM,MEDIUM,1.0,29.0,28.0
2022,11,LAT,MEDIUM,1.0,13.0,12.0
2022,11,LEC,MEDIUM,1.0,27.0,26.0
2022,11,MAG,MEDIUM,1.0,16.0,15.0
2022,11,MSC,MEDIUM,1.0,17.0,16.0
2022,11,NOR,MEDIUM,1.0,15.0,14.0
2022,11,OCO,MEDIUM,1.0,17.0,16.0
2022,11,PER,MEDIUM,1.0,2.0,1.0
2022,11,RIC,MEDIUM,1.0,13.0,12.0
2022,11,RUS,MEDIUM,1.0,12.0,11.0
2022,11,SAI,MEDIUM,1.0,28.0,27.0
2022,11,STR,MEDIUM,3.0,32.0,29.0
2022,11,TSU,HARD,1.0,27.0,26.0
2022,11,VER,MEDIUM,1.0,14.0,13.0
2022,11,VET,HARD,2.0,22.0,20.0
2022,11,ZHO,HARD,1.0,25.0,24.0
2022,6,ALB,SOFT,1.0,12.0,11.0
2022,6,ALO,SOFT,1.0,11.0,10.0
2022,6,BOT,SOFT,4.0,18.0,14.0
2022,6,GAS,SOFT,1.0,11.0,10.0
2022,6,HAM,MEDIUM,1.0,2.0,1.0
2022,6,LAT,SOFT,1.0,13.0,12.0
2022,6,LEC,SOFT,1.0,22.0,21.0
2022,6,MAG,SOFT,3.0,4.0,1.0
2022,6,MSC,SOFT,3.0,15.0,12.0
2022,6,NOR,SOFT,1.0,13.0,12.0
2022,6,OCO,SOFT,1.0,14.0,13.0
2022,6,PER,SOFT,4.0,21.0,17.0
2022,6,RIC,SOFT,4.0,15.0,11.0
2022,6,RUS,SOFT,4.0,17.0,13.0
2022,6,SAI,SOFT,4.0,14.0,10.0
2022,6,STR,SOFT,4.0,18.0,14.0
2022,6,TSU,SOFT,1.0,12.0,11.0
2022,6,VER,SOFT,4.0,17.0,13.0
2022,6,VET,SOFT,4.0,25.0,21.0
2022,6,ZHO,SOFT,1.0,11.0,10.0
2023,4,ALB,MEDIUM,1.0,8.0,7.0
2023,4,ALO,MEDIUM,1.0,12.0,11.0
2023,4,BOT,MEDIUM,1.0,7.0,6.0
2023,4,DEV,HARD,1.0,11.0,10.0
2023,4,GAS,MEDIUM,1.0,6.0,5.0
2023,4,HAM,MEDIUM,1.0,10.0,9.0
2023,4,HUL,HARD,1.0,50.0,49.0
2023,4,LEC,MEDIUM,1.0,12.0,11.0
2023,4,MAG,MEDIUM,1.0,11.0,10.0
2023,4,NOR,MEDIUM,1.0,10.0,9.0
2023,4,OCO,HARD,1.0,51.0,50.0
2023,4,PER,MEDIUM,1.0,12.0,11.0
2023,4,PIA,MEDIUM,1.0,9.0,8.0
2023,4,RUS,MEDIUM,1.0,12.0,11.0
2023,4,SAI,MEDIUM,1.0,12.0,11.0
2023,4,SAR,MEDIUM,1.0,9.0,8.0
2023,4,STR,MEDIUM,1.0,12.0,11.0
2023,4,TSU,MEDIUM,1.0,9.0,8.0
2023,4,VER,MEDIUM,1.0,11.0,10.0
2023,4,ZHO,MEDIUM,1.0,12.0,11.0
2023,5,ALB,MEDIUM,1.0,23.0,22.0
2023,5,ALO,MEDIUM,2.0,26.0,24.0
2023,5,BOT,MEDIUM,1.0,16.0,15.0
2023,5,DEV,MEDIUM,1.0,16.0,15.0
2023,5,GAS,MEDIUM,1.0,16.0,15.0
2023,5,HAM,HARD,1.0,38.0,37.0
2023,5,HUL,HARD,1.0,34.0,33.0
2023,5,LEC,MEDIUM,1.0,18.0,17.0
2023,5,MAG,MEDIUM,1.0,15.0,14.0
2023,5,NOR,SOFT,1.0,5.0,4.0
2023,5,OCO,HARD,1.0,40.0,39.0
2023,5,PER,MEDIUM,1.0,21.0,20.0
2023,5,PIA,SOFT,1.0,6.0,5.0
2023,5,RUS,MEDIUM,1.0,18.0,17.0
2023,5,SAI,MEDIUM,1.0,19.0,18.0
2023,5,SAR,MEDIUM,1.0,3.0,2.0
2023,5,STR,HARD,2.0,44.0,42.0
2023,5,TSU,HARD,1.0,37.0,36.0
2023,5,VER,HARD,1.0,46.0,45.0
2023,5,ZHO,HARD,1.0,32.0,31.0
2023,15,ALB,MEDIUM,1.0,21.0,20.0
2023,15,ALO,MEDIUM,1.0,21.0,20.0
2023,15,BOT,HARD,1.0,41.0,40.0
2023,15,GAS,MEDIUM,1.0,21.0,20.0
2023,15,HAM,MEDIUM,1.0,21.0,20.0
2023,15,HUL,MEDIUM,1.0,21.0,20.0
2023,15,LAW,MEDIUM,1.0,21.0,20.0
2023,15,LEC,SOFT,4.0,24.0,20.0
2023,15,MAG,MEDIUM,1.0,21.0,20.0
2023,15,NOR,MEDIUM,1.0,21.0,20.0
2023,15,OCO,MEDIUM,1.0,21.0,20.0
2023,15,PER,HARD,1.0,40.0,39.0
2023,15,PIA,MEDIUM,1.0,21.0,20.0
2023,15,RUS,MEDIUM,1.0,21.0,20.0
2023,15,SAI,MEDIUM,1.0,21.0,20.0
2023,15,SAR,MEDIUM,1.0,20.0,19.0
2023,15,TSU,SOFT,1.0,2.0,1.0
2023,15,VER,HARD,1.0,41.0,40.0
2023,15,ZHO,SOFT,1.0,3.0,2.0
2023,14,ALB,MEDIUM,4.0,19.0,15.0
2023,14,ALO,MEDIUM,1.0,22.0,21.0
2023,14,BOT,HARD,4.0,29.0,25.0
2023,14,GAS,MEDIUM,1.0,11.0,10.0
2023,14,HAM,HARD,4.0,31.0,27.0
2023,14,HUL,MEDIUM,4.0,18.0,14.0
2023,14,LAW,MEDIUM,4.0,17.0,13.0
2023,14,LEC,MEDIUM,1.0,21.0,20.0
2023,14,MAG,HARD,5.0,17.0,12.0
2023,14,NOR,MEDIUM,1.0,23.0,22.0
2023,14,OCO,MEDIUM,1.0,25.0,24.0
2023,14,PER,MEDIUM,1.0,22.0,21.0
2023,14,PIA,MEDIUM,1.0,24.0,23.0
2023,14,RUS,MEDIUM,1.0,20.0,19.0
2023,14,SAI,MEDIUM,1.0,20.0,19.0
2023,14,SAR,MEDIUM,4.0,18.0,14.0
2023,14,STR,MEDIUM,1.0,21.0,20.0
2023,14,TSU,MEDIUM,4.0,5.0,1.0
2023,14,VER,MEDIUM,1.0,21.0,20.0
2023,14,ZHO,MEDIUM,1.0,12.0,11.0
2023,21,ALB,MEDIUM,1.0,17.0,16.0
2023,21,ALO,MEDIUM,1.0,2.0,1.0
2023,21,BOT,MEDIUM,1.0,2.0,1.0
2023,21,GAS,MEDIUM,1.0,18.0,17.0
2023,21,HAM,HARD,1.0,18.0,17.0
2023,21,HUL,MEDIUM,1.0,13.0,12.0
2023,21,LEC,MEDIUM,1.0,22.0,21.0
2023,21,MAG,MEDIUM,1.0,15.0,14.0
2023,21,NOR,MEDIUM,2.0,5.0,3.0
2023,21,OCO,MEDIUM,1.0,21.0,20.0
2023,21,PER,MEDIUM,1.0,2.0,1.0
2023,21,PIA,HARD,2.0,18.0,16.0
2023,21,RIC,MEDIUM,1.0,18.0,17.0
2023,21,RUS,MEDIUM,1.0,16.0,15.0
2023,21,SAI,MEDIUM,1.0,4.0,3.0
2023,21,SAR,MEDIUM,1.0,16.0,15.0
2023,21,STR,SOFT,5.0,8.0,3.0
2023,21,TSU,SOFT,1.0,11.0,10.0
2023,21,VER,MEDIUM,1.0,17.0,16.0
2023,21,ZHO,HARD,1.0,27.0,26.0
2023,20,ALB,SOFT,4.0,5.0,1.0
2023,20,ALO,SOFT,4.0,5.0,1.0
2023,20,BOT,SOFT,1.0,2.0,1.0
2023,20,GAS,SOFT,3.0,4.0,1.0
2023,20,HAM,SOFT,4.0,5.0,1.0
2023,20,HUL,SOFT,1.0,2.0,1.0
2023,20,LEC,SOFT,1.0,2.0,1.0
2023,20,MAG,SOFT,1.0,2.0,1.0
2023,20,NOR,SOFT,4.0,5.0,1.0
2023,20,OCO,SOFT,4.0,5.0,1.0
2023,20,PER,SOFT,4.0,5.0,1.0
2023,20,PIA,SOFT,3.0,4.0,1.0
2023,20,RIC,SOFT,1.0,2.0,1.0
2023,20,RUS,SOFT,4.0,5.0,1.0
2023,20,SAI,SOFT,3.0,4.0,1.0
2023,20,SAR,MEDIUM,1.0,2.0,1.0
2023,20,STR,SOFT,1.0,2.0,1.0
2023,20,TSU,SOFT,4.0,5.0,1.0
2023,20,VER,SOFT,4.0,5.0,1.0
2023,20,ZHO,SOFT,1.0,2.0,1.0
2023,12,ALB,SOFT,1.0,8.0,7.0
2023,12,ALO,MEDIUM,1.0,11.0,10.0
2023,12,BOT,SOFT,1.0,7.0,6.0
2023,12,GAS,SOFT,1.0,24.0,23.0
2023,12,HAM,SOFT,1.0,13.0,12.0
2023,12,HUL,MEDIUM,1.0,13.0,12.0
2023,12,LEC,SOFT,1.0,14.0,13.0
2023,12,MAG,SOFT,1.0,6.0,5.0
2023,12,NOR,MEDIUM,1.0,6.0,5.0
2023,12,OCO,SOFT,1.0,7.0,6.0
2023,12,PER,SOFT,1.0,14.0,13.0
2023,12,PIA,MEDIUM,1.0,2.0,1.0
2023,12,RIC,SOFT,1.0,6.0,5.0
2023,12,RUS,MEDIUM,1.0,23.0,22.0
2023,12,SAI,SOFT,1.0,8.0,7.0
2023,12,SAR,SOFT,1.0,9.0,8.0
2023,12,STR,MEDIUM,1.0,21.0,20.0
2023,12,TSU,MEDIUM,1.0,10.0,9.0
2023,12,VER,SOFT,1.0,15.0,14.0
2023,12,ZHO,SOFT,1.0,8.0,7.0
2023,13,ALB,SOFT,1.0,45.0,44.0
2023,13,ALO,SOFT,1.0,3.0,2.0
2023,13,BOT,SOFT,1.0,17.0,16.0
2023,13,GAS,SOFT,1.0,2.0,1.0
2023,13,HAM,MEDIUM,1.0,4.0,3.0
2023,13,HUL,SOFT,1.0,17.0,16.0
2023,13,LAW,SOFT,1.0,2.0,1.0
2023,13,LEC,SOFT,1.0,2.0,1.0
2023,13,MAG,SOFT,1.0,2.0,1.0
2023,13,NOR,SOFT,1.0,4.0,3.0
2023,13,OCO,SOFT,1.0,3.0,2.0
2023,13,PER,SOFT,1.0,2.0,1.0
2023,13,PIA,SOFT,1.0,16.0,15.0
2023,13,RUS,SOFT,1.0,5.0,4.0
2023,13,SAI,SOFT,1.0,3.0,2.0
2023,13,SAR,SOFT,1.0,16.0,15.0
2023,13,STR,SOFT,1.0,5.0,4.0
2023,13,TSU,SOFT,1.0,2.0,1.0
2023,13,VER,SOFT,1.0,3.0,2.0
2023,13,ZHO,SOFT,1.0,2.0,1.0
2023,18,ALB,MEDIUM,4.0,14.0,10.0
2023,18,ALO,MEDIUM,1.0,20.0,19.0
2023,18,BOT,MEDIUM,1.0,11.0,10.0
2023,18,GAS,MEDIUM,1.0,19.0,18.0
2023,18,HAM,MEDIUM,1.0,21.0,20.0
2023,18,HUL,HARD,1.0,20.0,19.0
2023,18,LEC,MEDIUM,1.0,24.0,23.0
2023,18,MAG,MEDIUM,1.0,11.0,10.0
2023,18,NOR,MEDIUM,1.0,18.0,17.0
2023,18,OCO,MEDIUM,1.0,7.0,6.0
2023,18,PER,MEDIUM,1.0,18.0,17.0
2023,18,PIA,MEDIUM,1.0,11.0,10.0
2023,18,RIC,MEDIUM,1.0,23.0,22.0
2023,18,RUS,MEDIUM,1.0,22.0,21.0
2023,18,SAI,MEDIUM,1.0,18.0,17.0
2023,18,SAR,MEDIUM,1.0,12.0,11.0
2023,18,STR,HARD,1.0,21.0,20.0
2023,18,TSU,MEDIUM,1.0,18.0,17.0
2023,18,VER,MEDIUM,1.0,17.0,16.0
2023,18,ZHO,MEDIUM,1.0,10.0,9.0
2023,19,ALB,HARD,1.0,34.0,33.0
2023,19,ALO,MEDIUM,2.0,31.0,29.0
2023,19,BOT,MEDIUM,1.0,32.0,31.0
2023,19,GAS,MEDIUM,1.0,29.0,28.0
2023,19,HAM,MEDIUM,1.0,25.0,24.0
2023,19,HUL,MEDIUM,1.0,24.0,23.0
2023,19,LEC,MEDIUM,1.0,32.0,31.0
2023,19,MAG,MEDIUM,1.0,24.0,23.0
2023,19,NOR,SOFT,1.0,12.0,11.0
2023,19,OCO,HARD,1.0,35.0,34.0
2023,19,PER,MEDIUM,1.0,2.0,1.0
2023,19,PIA,MEDIUM,1.0,26.0,25.0
2023,19,RIC,MEDIUM,1.0,28.0,27.0
2023,19,RUS,MEDIUM,1.0,27.0,26.0
2023,19,SAI,MEDIUM,1.0,31.0,30.0
2023,19,SAR,MEDIUM,1.0,23.0,22.0
2023,19,STR,MEDIUM,2.0,32.0,30.0
2023,19,TSU,MEDIUM,1.0,10.0,9.0
2023,19,VER,MEDIUM,1.0,20.0,19.0
2023,19,ZHO,MEDIUM,1.0,22.0,21.0
2023,9,ALB,MEDIUM,1.0,3.0,2.0
2023,9,ALO,HARD,1.0,3.0,2.0
2023,9,BOT,HARD,1.0,3.0,2.0
2023,9,DEV,MEDIUM,1.0,3.0,2.0
2023,9,GAS,MEDIUM,1.0,3.0,2.0
2023,9,HAM,MEDIUM,1.0,3.0,2.0
2023,9,HUL,MEDIUM,4.0,6.0,2.0
2023,9,LEC,MEDIUM,1.0,3.0,2.0
2023,9,MAG,HARD,1.0,2.0,1.0
2023,9,NOR,MEDIUM,1.0,3.0,2.0
2023,9,OCO,MEDIUM,1.0,3.0,2.0
2023,9,PER,MEDIUM,1.0,3.0,2.0
2023,9,PIA,MEDIUM,1.0,3.0,2.0
2023,9,RUS,MEDIUM,1.0,3.0,2.0
2023,9,SAI,MEDIUM,1.0,3.0,2.0
2023,9,SAR,MEDIUM,1.0,3.0,2.0
2023,9,STR,MEDIUM,1.0,3.0,2.0
2023,9,TSU,MEDIUM,1.0,2.0,1.0
2023,9,VER,MEDIUM,1.0,3.0,2.0
2023,9,ZHO,MEDIUM,1.0,3.0,2.0
2023,8,ALB,MEDIUM,2.0,14.0,12.0
2023,8,ALO,MEDIUM,1.0,13.0,12.0
2023,8,BOT,HARD,1.0,37.0,36.0
2023,8,DEV,MEDIUM,1.0,12.0,11.0
2023,8,GAS,SOFT,1.0,11.0,10.0
2023,8,HAM,MEDIUM,1.0,13.0,12.0
2023,8,HUL,MEDIUM,1.0,12.0,11.0
2023,8,LEC,MEDIUM,1.0,40.0,39.0
2023,8,MAG,HARD,1.0,36.0,35.0
2023,8,NOR,MEDIUM,1.0,13.0,12.0
2023,8,OCO,MEDIUM,1.0,13.0,12.0
2023,8,PER,HARD,1.0,38.0,37.0
2023,8,PIA,MEDIUM,1.0,13.0,12.0
2023,8,RUS,MEDIUM,1.0,13.0,12.0
2023,8,SAI,MEDIUM,1.0,39.0,38.0
2023,8,SAR,MEDIUM,1.0,8.0,7.0
2023,8,STR,MEDIUM,1.0,12.0,11.0
2023,8,TSU,MEDIUM,1.0,2.0,1.0
2023,8,VER,MEDIUM,1.0,13.0,12.0
2023,8,ZHO,MEDIUM,1.0,13.0,12.0
2023,3,ALB,MEDIUM,1.0,8.0,7.0
2023,3,ALO,MEDIUM,2.0,10.0,8.0
2023,3,BOT,SOFT,1.0,2.0,1.0
2023,3,DEV,HARD,1.0,9.0,8.0
2023,3,GAS,SOFT,1.0,9.0,8.0
2023,3,HAM,MEDIUM,1.0,9.0,8.0
2023,3,HUL,MEDIUM,1.0,9.0,8.0
2023,3,LEC,MEDIUM,1.0,2.0,1.0
2023,3,MAG,MEDIUM,1.0,8.0,7.0
2023,3,NOR,MEDIUM,1.0,9.0,8.0
2023,3,OCO,SOFT,1.0,2.0,1.0
2023,3,PER,HARD,1.0,2.0,1.0
2023,3,PIA,MEDIUM,1.0,9.0,8.0
2023,3,RUS,MEDIUM,1.0,8.0,7.0
2023,3,SAI,MEDIUM,1.0,8.0,7.0
2023,3,SAR,HARD,1.0,2.0,1.0
2023,3,STR,MEDIUM,2.0,10.0,8.0
2023,3,TSU,MEDIUM,1.0,9.0,8.0
2023,3,VER,MEDIUM,1.0,9.0,8.0
2023,3,ZHO,SOFT,1.0,2.0,1.0
2023,2,ALB,MEDIUM,1.0,18.0,17.0
2023,2,ALO,MEDIUM,1.0,19.0,18.0
2023,2,BOT,MEDIUM,1.0,10.0,9.0
2023,2,DEV,MEDIUM,1.0,18.0,17.0
2023,2,GAS,MEDIUM,1.0,15.0,14.0
2023,2,HAM,HARD,1.0,19.0,18.0
2023,2,HUL,MEDIUM,1.0,12.0,11.0
2023,2,LEC,SOFT,1.0,17.0,16.0
2023,2,MAG,MEDIUM,1.0,9.0,8.0
2023,2,NOR,SOFT,1.0,3.0,2.0
2023,2,OCO,MEDIUM,1.0,17.0,16.0
2023,2,PER,MEDIUM,1.0,19.0,18.0
2023,2,PIA,MEDIUM,1.0,2.0,1.0
2023,2,RUS,MEDIUM,1.0,19.0,18.0
2023,2,SAI,MEDIUM,1.0,16.0,15.0
2023,2,SAR,HARD,1.0,19.0,18.0
2023,2,STR,MEDIUM,1.0,14.0,13.0
2023,2,TSU,MEDIUM,1.0,18.0,17.0
2023,2,VER,MEDIUM,1.0,19.0,18.0
2023,2,ZHO,MEDIUM,1.0,12.0,11.0
2023,16,ALB,MEDIUM,1.0,2.0,1.0
2023,16,ALO,SOFT,4.0,15.0,11.0
2023,16,BOT,SOFT,1.0,2.0,1.0
2023,16,GAS,MEDIUM,1.0,19.0,18.0
2023,16,HAM,MEDIUM,1.0,17.0,16.0
2023,16,HUL,SOFT,1.0,9.0,8.0
2023,16,LAW,SOFT,1.0,11.0,10.0
2023,16,LEC,MEDIUM,1.0,18.0,17.0
2023,16,MAG,MEDIUM,1.0,13.0,12.0
2023,16,NOR,MEDIUM,1.0,18.0,17.0
2023,16,OCO,MEDIUM,1.0,2.0,1.0
2023,16,PER,MEDIUM,1.0,3.0,2.0
2023,16,PIA,MEDIUM,1.0,14.0,13.0
2023,16,RUS,MEDIUM,1.0,25.0,24.0
2023,16,SAI,MEDIUM,1.0,19.0,18.0
2023,16,SAR,MEDIUM,1.0,3.0,2.0
2023,16,STR,SOFT,1.0,15.0,14.0
2023,16,TSU,SOFT,4.0,13.0,9.0
2023,16,VER,MEDIUM,1.0,17.0,16.0
2023,16,ZHO,SOFT,1.0,2.0,1.0
2023,17,ALB,MEDIUM,1.0,19.0,18.0
2023,17,ALO,MEDIUM,6.0,17.0,11.0
2023,17,BOT,SOFT,4.0,7.0,3.0
2023,17,GAS,MEDIUM,8.0,19.0,11.0
2023,17,HAM,SOFT,1.0,2.0,1.0
2023,17,HUL,MEDIUM,8.0,21.0,13.0
2023,17,LAW,SOFT,1.0,4.0,3.0
2023,17,LEC,MEDIUM,9.0,21.0,12.0
2023,17,MAG,SOFT,1.0,4.0,3.0
2023,17,NOR,MEDIUM,8.0,21.0,13.0
2023,17,OCO,MEDIUM,8.0,18.0,10.0
2023,17,PER,HARD,1.0,18.0,17.0
2023,17,PIA,MEDIUM,7.0,19.0,12.0
2023,17,RUS,MEDIUM,8.0,9.0,1.0
2023,17,SAR,MEDIUM,1.0,14.0,13.0
2023,17,STR,MEDIUM,9.0,12.0,3.0
2023,17,TSU,MEDIUM,1.0,10.0,9.0
2023,17,VER,MEDIUM,4.0,21.0,17.0
2023,17,ZHO,MEDIUM,1.0,19.0,18.0
2023,7,ALB,SOFT,1.0,17.0,16.0
2023,7,ALO,SOFT,4.0,23.0,19.0
2023,7,BOT,SOFT,1.0,6.0,5.0
2023,7,DEV,SOFT,1.0,10.0,9.0
2023,7,GAS,SOFT,4.0,23.0,19.0
2023,7,HAM,SOFT,4.0,28.0,24.0
2023,7,HUL,SOFT,4.0,12.0,8.0
2023,7,LEC,HARD,1.0,17.0,16.0
2023,7,MAG,SOFT,1.0,11.0,10.0
2023,7,NOR,SOFT,3.0,4.0,1.0
2023,7,OCO,SOFT,4.0,17.0,13.0
2023,7,PER,MEDIUM,1.0,28.0,27.0
2023,7,PIA,SOFT,3.0,20.0,17.0
2023,7,RUS,SOFT,1.0,26.0,25.0
2023,7,SAI,SOFT,4.0,19.0,15.0
2023,7,SAR,MEDIUM,1.0,18.0,17.0
2023,7,STR,SOFT,4.0,18.0,14.0
2023,7,TSU,SOFT,1.0,11.0,10.0
2023,7,VER,MEDIUM,1.0,27.0,26.0
2023,7,ZHO,SOFT,1.0,10.0,9.0
2023,6,ALB,MEDIUM,1.0,19.0,18.0
2023,6,ALO,HARD,2.0,56.0,54.0
2023,6,BOT,HARD,1.0,52.0,51.0
2023,6,DEV,MEDIUM,1.0,54.0,53.0
2023,6,GAS,HARD,1.0,48.0,47.0
2023,6,HAM,MEDIUM,1.0,32.0,31.0
2023,6,HUL,MEDIUM,1.0,2.0,1.0
2023,6,LEC,HARD,1.0,45.0,44.0
2023,6,MAG,HARD,1.0,57.0,56.0
2023,6,NOR,MEDIUM,1.0,51.0,50.0
2023,6,OCO,MEDIUM,1.0,33.0,32.0
2023,6,PER,MEDIUM,1.0,2.0,1.0
2023,6,PIA,HARD,1.0,55.0,54.0
2023,6,RUS,HARD,1.0,55.0,54.0
2023,6,SAI,HARD,1.0,34.0,33.0
2023,6,SAR,MEDIUM,1.0,21.0,20.0
2023,6,STR,HARD,2.0,53.0,51.0
2023,6,TSU,MEDIUM,1.0,54.0,53.0
2023,6,VER,MEDIUM,1.0,56.0,55.0
2023,6,ZHO,SOFT,1.0,2.0,1.0
2023,1,ALB,SOFT,1.0,12.0,11.0
2023,1,ALO,SOFT,4.0,18.0,14.0
2023,1,BOT,SOFT,1.0,12.0,11.0
2023,1,DEV,SOFT,1.0,12.0,11.0
2023,1,GAS,SOFT,1.0,10.0,9.0
2023,1,HAM,SOFT,4.0,16.0,12.0
2023,1,HUL,SOFT,4.0,15.0,11.0
2023,1,LEC,SOFT,1.0,14.0,13.0
2023,1,MAG,HARD,1.0,16.0,15.0
2023,1,NOR,SOFT,1.0,11.0,10.0
2023,1,OCO,SOFT,4.0,16.0,12.0
2023,1,PER,SOFT,4.0,21.0,17.0
2023,1,PIA,SOFT,1.0,14.0,13.0
2023,1,RUS,SOFT,4.0,17.0,13.0
2023,1,SAI,SOFT,4.0,17.0,13.0
2023,1,SAR,SOFT,1.0,13.0,12.0
2023,1,STR,SOFT,4.0,19.0,15.0
2023,1,TSU,SOFT,1.0,11.0,10.0
2023,1,VER,SOFT,4.0,18.0,14.0
2023,1,ZHO,SOFT,1.0,13.0,12.0
2023,11,ALB,MEDIUM,1.0,9.0,8.0
2023,11,ALO,MEDIUM,4.0,24.0,20.0
2023,11,BOT,MEDIUM,4.0,13.0,9.0
2023,11,GAS,SOFT,1.0,2.0,1.0
2023,11,HAM,MEDIUM,4.0,20.0,16.0
2023,11,HUL,MEDIUM,4.0,20.0,16.0
2023,11,LEC,MEDIUM,4.0,21.0,17.0
2023,11,MAG,MEDIUM,1.0,15.0,14.0
2023,11,NOR,MEDIUM,1.0,18.0,17.0
2023,11,OCO,MEDIUM,4.0,6.0,2.0
2023,11,PER,HARD,4.0,28.0,24.0
2023,11,PIA,MEDIUM,3.0,21.0,18.0
2023,11,RIC,MEDIUM,4.0,22.0,18.0
2023,11,RUS,HARD,1.0,29.0,28.0
2023,11,SAI,SOFT,1.0,16.0,15.0
2023,11,SAR,MEDIUM,1.0,14.0,13.0
2023,11,STR,SOFT,1.0,10.0,9.0
2023,11,TSU,SOFT,1.0,10.0,9.0
2023,11,VER,MEDIUM,4.0,27.0,23.0
2023,11,ZHO,MEDIUM,4.0,14.0,10.0
2023,10,ALB,MEDIUM,1.0,33.0,32.0
2023,10,ALO,MEDIUM,2.0,35.0,33.0
2023,10,BOT,HARD,1.0,33.0,32.0
2023,10,DEV,SOFT,1.0,28.0,27.0
2023,10,GAS,MEDIUM,1.0,32.0,31.0
2023,10,HAM,MEDIUM,1.0,34.0,33.0
2023,10,HUL,HARD,1.0,8.0,7.0
2023,10,LEC,MEDIUM,1.0,19.0,18.0
2023,10,MAG,MEDIUM,1.0,33.0,32.0
2023,10,NOR,MEDIUM,1.0,34.0,33.0
2023,10,OCO,SOFT,1.0,10.0,9.0
2023,10,PER,MEDIUM,1.0,29.0,28.0
2023,10,PIA,MEDIUM,1.0,30.0,29.0
2023,10,RUS,SOFT,4.0,32.0,28.0
2023,10,SAI,MEDIUM,1.0,27.0,26.0
2023,10,SAR,MEDIUM,1.0,30.0,29.0
2023,10,STR,MEDIUM,2.0,33.0,31.0
2023,10,TSU,SOFT,1.0,15.0,14.0
2023,10,VER,MEDIUM,1.0,34.0,33.0
2023,10,ZHO,MEDIUM,1.0,25.0,24.0
2024,18,ALB,MEDIUM,1.0,12.0,11.0
2024,18,ALO,MEDIUM,2.0,27.0,25.0
2024,18,BOT,HARD,1.0,34.0,33.0
2024,18,COL,MEDIUM,1.0,30.0,29.0
2024,18,GAS,MEDIUM,1.0,38.0,37.0
2024,18,HAM,SOFT,3.0,20.0,17.0
2024,18,HUL,MEDIUM,1.0,30.0,29.0
2024,18,LEC,MEDIUM,1.0,37.0,36.0
2024,18,MAG,HARD,1.0,29.0,28.0
2024,18,NOR,MEDIUM,1.0,31.0,30.0
2024,18,OCO,MEDIUM,1.0,30.0,29.0
2024,18,PER,MEDIUM,1.0,29.0,28.0
2024,18,PIA,MEDIUM,1.0,39.0,38.0
2024,18,RIC,SOFT,1.0,11.0,10.0
2024,18,RUS,MEDIUM,1.0,28.0,27.0
2024,18,SAI,MEDIUM,1.0,14.0,13.0
2024,18,STR,HARD,2.0,28.0,26.0
2024,18,TSU,MEDIUM,1.0,34.0,33.0
2024,18,VER,MEDIUM,1.0,30.0,29.0
2024,18,ZHO,HARD,1.0,35.0,34.0
2024,19,ALB,MEDIUM,1.0,4.0,3.0
2024,19,ALO,MEDIUM,1.0,27.0,26.0
2024,19,BOT,MEDIUM,1.0,16.0,15.0
2024,19,COL,HARD,1.0,40.0,39.0
2024,19,GAS,MEDIUM,1.0,19.0,18.0
2024,19,HAM,HARD,1.0,3.0,2.0
2024,19,HUL,MEDIUM,1.0,28.0,27.0
2024,19,LAW,HARD,1.0,37.0,36.0
2024,19,LEC,MEDIUM,1.0,27.0,26.0
2024,19,MAG,MEDIUM,1.0,18.0,17.0
2024,19,NOR,MEDIUM,1.0,32.0,31.0
2024,19,OCO,MEDIUM,1.0,32.0,31.0
2024,19,PER,MEDIUM,1.0,27.0,26.0
2024,19,PIA,MEDIUM,1.0,33.0,32.0
2024,19,RUS,HARD,1.0,41.0,40.0
2024,19,SAI,MEDIUM,1.0,22.0,21.0
2024,19,STR,HARD,2.0,29.0,27.0
2024,19,TSU,MEDIUM,1.0,19.0,18.0
2024,19,VER,MEDIUM,1.0,26.0,25.0
2024,19,ZHO,MEDIUM,1.0,14.0,13.0
2024,12,ALB,MEDIUM,1.0,28.0,27.0
2024,12,ALO,MEDIUM,1.0,28.0,27.0
2024,12,BOT,MEDIUM,1.0,27.0,26.0
2024,12,GAS,MEDIUM,1.0,2.0,1.0
2024,12,HAM,MEDIUM,1.0,28.0,27.0
2024,12,HUL,MEDIUM,1.0,27.0,26.0
2024,12,LEC,MEDIUM,1.0,20.0,19.0
2024,12,MAG,MEDIUM,1.0,28.0,27.0
2024,12,NOR,MEDIUM,1.0,28.0,27.0
2024,12,OCO,SOFT,1.0,20.0,19.0
2024,12,PER,HARD,1.0,20.0,19.0
2024,12,PIA,MEDIUM,1.0,29.0,28.0
2024,12,RIC,MEDIUM,1.0,27.0,26.0
2024,12,RUS,MEDIUM,1.0,28.0,27.0
2024,12,SAI,MEDIUM,1.0,27.0,26.0
2024,12,SAR,MEDIUM,1.0,28.0,27.0
2024,12,STR,MEDIUM,1.0,27.0,26.0
2024,12,TSU,MEDIUM,1.0,28.0,27.0
2024,12,VER,MEDIUM,1.0,27.0,26.0
2024,12,ZHO,SOFT,1.0,13.0,12.0
2024,13,ALB,SOFT,1.0,7.0,6.0
2024,13,ALO,SOFT,3.0,10.0,7.0
2024,13,BOT,MEDIUM,2.0,18.0,16.0
2024,13,GAS,HARD,1.0,29.0,28.0
2024,13,HAM,MEDIUM,1.0,17.0,16.0
2024,13,HUL,MEDIUM,1.0,3.0,2.0
2024,13,LEC,MEDIUM,1.0,24.0,23.0
2024,13,MAG,SOFT,1.0,7.0,6.0
2024,13,NOR,MEDIUM,1.0,18.0,17.0
2024,13,OCO,MEDIUM,1.0,7.0,6.0
2024,13,PER,HARD,1.0,29.0,28.0
2024,13,PIA,MEDIUM,1.0,19.0,18.0
2024,13,RIC,MEDIUM,1.0,8.0,7.0
2024,13,RUS,HARD,1.0,34.0,33.0
2024,13,SAI,MEDIUM,1.0,22.0,21.0
2024,13,SAR,MEDIUM,1.0,9.0,8.0
2024,13,STR,SOFT,4.0,18.0,14.0
2024,13,TSU,MEDIUM,1.0,30.0,29.0
2024,13,VER,MEDIUM,1.0,22.0,21.0
2024,13,ZHO,MEDIUM,2.0,9.0,7.0
2024,1,ALB,SOFT,1.0,16.0,15.0
2024,1,ALO,SOFT,4.0,19.0,15.0
2024,1,BOT,SOFT,1.0,13.0,12.0
2024,1,GAS,SOFT,1.0,13.0,12.0
2024,1,HAM,SOFT,4.0,16.0,12.0
2024,1,HUL,SOFT,1.0,2.0,1.0
2024,1,LEC,SOFT,4.0,15.0,11.0
2024,1,MAG,SOFT,1.0,12.0,11.0
2024,1,NOR,SOFT,4.0,17.0,13.0
2024,1,OCO,SOFT,1.0,11.0,10.0
2024,1,PER,SOFT,4.0,16.0,12.0
2024,1,PIA,SOFT,4.0,16.0,12.0
2024,1,RIC,SOFT,4.0,17.0,13.0
2024,1,RUS,SOFT,4.0,15.0,11.0
2024,1,SAI,SOFT,4.0,18.0,14.0
2024,1,SAR,SOFT,1.0,11.0,10.0
2024,1,STR,SOFT,1.0,10.0,9.0
2024,1,TSU,SOFT,1.0,15.0,14.0
2024,1,VER,SOFT,4.0,21.0,17.0
2024,1,ZHO,SOFT,1.0,10.0,9.0
2024,6,ALB,MEDIUM,1.0,11.0,10.0
2024,6,ALO,HARD,2.0,24.0,22.0
2024,6,BOT,SOFT,1.0,12.0,11.0
2024,6,GAS,MEDIUM,1.0,13.0,12.0
2024,6,HAM,HARD,1.0,27.0,26.0
2024,6,HUL,MEDIUM,1.0,13.0,12.0
2024,6,LEC,MEDIUM,1.0,20.0,19.0
2024,6,MAG,HARD,1.0,23.0,22.0
2024,6,NOR,MEDIUM,1.0,30.0,29.0
2024,6,OCO,MEDIUM,1.0,23.0,22.0
2024,6,PER,MEDIUM,1.0,18.0,17.0
2024,6,PIA,MEDIUM,1.0,28.0,27.0
2024,6,RIC,HARD,1.0,29.0,28.0
2024,6,RUS,MEDIUM,4.0,28.0,24.0
2024,6,SAI,MEDIUM,1.0,28.0,27.0
2024,6,SAR,MEDIUM,1.0,12.0,11.0
2024,6,STR,MEDIUM,2.0,13.0,11.0
2024,6,TSU,MEDIUM,1.0,29.0,28.0
2024,6,VER,MEDIUM,1.0,24.0,23.0
2024,6,ZHO,MEDIUM,1.0,29.0,28.0
2024,7,ALB,MEDIUM,1.0,9.0,8.0
2024,7,ALO,SOFT,1.0,8.0,7.0
2024,7,BOT,MEDIUM,1.0,9.0,8.0
2024,7,GAS,SOFT,1.0,9.0,8.0
2024,7,HAM,MEDIUM,1.0,28.0,27.0
2024,7,HUL,MEDIUM,1.0,14.0,13.0
2024,7,LEC,MEDIUM,1.0,26.0,25.0
2024,7,MAG,MEDIUM,1.0,38.0,37.0
2024,7,NOR,MEDIUM,1.0,23.0,22.0
2024,7,OCO,MEDIUM,1.0,26.0,25.0
2024,7,PER,HARD,1.0,38.0,37.0
2024,7,PIA,MEDIUM,1.0,24.0,23.0
2024,7,RIC,MEDIUM,1.0,12.0,11.0
2024,7,RUS,MEDIUM,1.0,22.0,21.0
2024,7,SAI,MEDIUM,1.0,28.0,27.0
2024,7,SAR,HARD,1.0,32.0,31.0
2024,7,STR,MEDIUM,2.0,39.0,37.0
2024,7,TSU,MEDIUM,1.0,13.0,12.0
2024,7,VER,MEDIUM,1.0,25.0,24.0
2024,7,ZHO,HARD,1.0,34.0,33.0
2024,15,ALB,MEDIUM,1.0,13.0,12.0
2024,15,ALO,MEDIUM,1.0,32.0,31.0
2024,15,BOT,SOFT,1.0,16.0,15.0
2024,15,GAS,MEDIUM,1.0,33.0,32.0
2024,15,HAM,SOFT,1.0,24.0,23.0
2024,15,HUL,MEDIUM,1.0,15.0,14.0
2024,15,LEC,MEDIUM,1.0,25.0,24.0
2024,15,MAG,HARD,1.0,41.0,40.0
2024,15,NOR,MEDIUM,1.0,29.0,28.0
2024,15,OCO,MEDIUM,1.0,31.0,30.0
2024,15,PER,MEDIUM,1.0,30.0,29.0
2024,15,PIA,MEDIUM,1.0,34.0,33.0
2024,15,RIC,MEDIUM,1.0,30.0,29.0
2024,15,RUS,MEDIUM,1.0,26.0,25.0
2024,15,SAI,MEDIUM,1.0,31.0,30.0
2024,15,SAR,MEDIUM,1.0,23.0,22.0
2024,15,STR,MEDIUM,1.0,31.0,30.0
2024,15,TSU,SOFT,1.0,15.0,14.0
2024,15,VER,MEDIUM,1.0,28.0,27.0
2024,15,ZHO,MEDIUM,1.0,19.0,18.0
2024,14,ALB,MEDIUM,1.0,9.0,8.0
2024,14,ALO,MEDIUM,1.0,14.0,13.0
2024,14,BOT,MEDIUM,1.0,12.0,11.0
2024,14,GAS,MEDIUM,1.0,10.0,9.0
2024,14,HAM,MEDIUM,1.0,12.0,11.0
2024,14,HUL,MEDIUM,1.0,8.0,7.0
2024,14,LEC,MEDIUM,1.0,13.0,12.0
2024,14,MAG,MEDIUM,1.0,18.0,17.0
2024,14,NOR,MEDIUM,1.0,16.0,15.0
2024,14,OCO,MEDIUM,1.0,13.0,12.0
2024,14,PER,MEDIUM,1.0,12.0,11.0
2024,14,PIA,MEDIUM,1.0,12.0,11.0
2024,14,RIC,SOFT,1.0,9.0,8.0
2024,14,RUS,MEDIUM,1.0,11.0,10.0
2024,14,SAI,HARD,1.0,21.0,20.0
2024,14,SAR,MEDIUM,1.0,9.0,8.0
2024,14,STR,MEDIUM,1.0,13.0,12.0
2024,14,TSU,MEDIUM,1.0,16.0,15.0
2024,14,VER,MEDIUM,1.0,11.0,10.0
2024,14,ZHO,HARD,1.0,6.0,5.0
2024,8,ALB,MEDIUM,1.0,2.0,1.0
2024,8,ALO,HARD,2.0,3.0,1.0
2024,8,BOT,HARD,1.0,2.0,1.0
2024,8,GAS,HARD,1.0,2.0,1.0
2024,8,HAM,HARD,1.0,2.0,1.0
2024,8,HUL,MEDIUM,1.0,2.0,1.0
2024,8,LEC,MEDIUM,1.0,2.0,1.0
2024,8,MAG,HARD,1.0,2.0,1.0
2024,8,NOR,MEDIUM,2.0,3.0,1.0
2024,8,OCO,HARD,1.0,2.0,1.0
2024,8,PER,HARD,1.0,2.0,1.0
2024,8,PIA,MEDIUM,2.0,3.0,1.0
2024,8,RIC,MEDIUM,1.0,2.0,1.0
2024,8,RUS,HARD,1.0,2.0,1.0
2024,8,SAI,MEDIUM,1.0,2.0,1.0
2024,8,SAR,HARD,1.0,2.0,1.0
2024,8,STR,HARD,2.0,3.0,1.0
2024,8,TSU,MEDIUM,1.0,2.0,1.0
2024,8,VER,HARD,1.0,2.0,1.0
2024,8,ZHO,MEDIUM,1.0,2.0,1.0
2024,9,ALB,INTERMEDIATE,1.0,26.0,25.0
2024,9,ALO,INTERMEDIATE,1.0,26.0,25.0
2024,9,BOT,INTERMEDIATE,1.0,43.0,42.0
2024,9,GAS,INTERMEDIATE,1.0,26.0,25.0
2024,9,HAM,INTERMEDIATE,1.0,26.0,25.0
2024,9,HUL,WET,1.0,13.0,12.0
2024,9,LEC,INTERMEDIATE,1.0,26.0,25.0
2024,9,MAG,WET,1.0,8.0,7.0
2024,9,NOR,INTERMEDIATE,1.0,27.0,26.0
2024,9,OCO,INTERMEDIATE,1.0,45.0,44.0
2024,9,PER,INTERMEDIATE,1.0,26.0,25.0
2024,9,PIA,INTERMEDIATE,1.0,26.0,25.0
2024,9,RIC,INTERMEDIATE,1.0,27.0,26.0
2024,9,RUS,INTERMEDIATE,1.0,26.0,25.0
2024,9,SAI,INTERMEDIATE,1.0,26.0,25.0
2024,9,SAR,INTERMEDIATE,1.0,25.0,24.0
2024,9,STR,INTERMEDIATE,1.0,26.0,25.0
2024,9,TSU,INTERMEDIATE,1.0,45.0,44.0
2024,9,VER,INTERMEDIATE,1.0,26.0,25.0
2024,9,ZHO,INTERMEDIATE,1.0,25.0,24.0
2024,2,ALB,MEDIUM,1.0,8.0,7.0
2024,2,ALO,MEDIUM,2.0,9.0,7.0
2024,2,BEA,SOFT,1.0,8.0,7.0
2024,2,BOT,SOFT,1.0,8.0,7.0
2024,2,GAS,MEDIUM,1.0,2.0,1.0
2024,2,HAM,MEDIUM,1.0,37.0,36.0
2024,2,HUL,MEDIUM,1.0,34.0,33.0
2024,2,LEC,MEDIUM,1.0,8.0,7.0
2024,2,MAG,MEDIUM,1.0,8.0,7.0
2024,2,NOR,MEDIUM,1.0,38.0,37.0
2024,2,OCO,MEDIUM,1.0,8.0,7.0
2024,2,PER,MEDIUM,1.0,8.0,7.0
2024,2,PIA,MEDIUM,1.0,8.0,7.0
2024,2,RIC,MEDIUM,1.0,8.0,7.0
2024,2,RUS,MEDIUM,1.0,8.0,7.0
2024,2,SAR,MEDIUM,1.0,8.0,7.0
2024,2,STR,MEDIUM,2.0,8.0,6.0
2024,2,TSU,MEDIUM,1.0,8.0,7.0
2024,2,VER,MEDIUM,1.0,8.0,7.0
2024,2,ZHO,MEDIUM,1.0,42.0,41.0
2024,3,ALB,MEDIUM,1.0,7.0,6.0
2024,3,ALO,HARD,2.0,19.0,17.0
2024,3,BOT,MEDIUM,2.0,10.0,8.0
2024,3,GAS,MEDIUM,1.0,18.0,17.0
2024,3,HAM,SOFT,1.0,8.0,7.0
2024,3,HUL,HARD,1.0,18.0,17.0
2024,3,LEC,MEDIUM,1.0,10.0,9.0
2024,3,MAG,MEDIUM,1.0,8.0,7.0
2024,3,NOR,MEDIUM,1.0,15.0,14.0
2024,3,OCO,MEDIUM,1.0,10.0,9.0
2024,3,PER,MEDIUM,1.0,15.0,14.0
2024,3,PIA,MEDIUM,1.0,10.0,9.0
2024,3,RIC,SOFT,1.0,6.0,5.0
2024,3,RUS,MEDIUM,1.0,9.0,8.0
2024,3,SAI,MEDIUM,1.0,17.0,16.0
2024,3,STR,MEDIUM,2.0,10.0,8.0
2024,3,TSU,MEDIUM,1.0,10.0,9.0
2024,3,VER,MEDIUM,1.0,5.0,4.0
2024,3,ZHO,SOFT,1.0,7.0,6.0
2024,11,ALB,MEDIUM,1.0,13.0,12.0
2024,11,ALO,MEDIUM,4.0,15.0,11.0
2024,11,BOT,MEDIUM,1.0,20.0,19.0
2024,11,GAS,MEDIUM,1.0,21.0,20.0
2024,11,HAM,MEDIUM,1.0,22.0,21.0
2024,11,HUL,MEDIUM,1.0,12.0,11.0
2024,11,LEC,MEDIUM,1.0,2.0,1.0
2024,11,MAG,MEDIUM,1.0,11.0,10.0
2024,11,NOR,MEDIUM,1.0,24.0,23.0
2024,11,OCO,MEDIUM,1.0,20.0,19.0
2024,11,PER,MEDIUM,1.0,22.0,21.0
2024,11,PIA,MEDIUM,1.0,26.0,25.0
2024,11,RIC,MEDIUM,1.0,11.0,10.0
2024,11,RUS,MEDIUM,1.0,23.0,22.0
2024,11,SAI,MEDIUM,1.0,23.0,22.0
2024,11,SAR,MEDIUM,1.0,2.0,1.0
2024,11,STR,MEDIUM,2.0,22.0,20.0
2024,11,TSU,MEDIUM,1.0,22.0,21.0
2024,11,VER,MEDIUM,1.0,24.0,23.0
2024,11,ZHO,HARD,1.0,29.0,28.0
2024,10,ALB,MEDIUM,1.0,19.0,18.0
2024,10,ALO,SOFT,1.0,20.0,19.0
2024,10,BOT,SOFT,1.0,12.0,11.0
2024,10,GAS,SOFT,4.0,18.0,14.0
2024,10,HAM,SOFT,4.0,20.0,16.0
2024,10,HUL,SOFT,1.0,13.0,12.0
2024,10,LEC,SOFT,1.0,25.0,24.0
2024,10,MAG,SOFT,1.0,11.0,10.0
2024,10,NOR,SOFT,1.0,24.0,23.0
2024,10,OCO,SOFT,4.0,17.0,13.0
2024,10,PER,SOFT,4.0,17.0,13.0
2024,10,PIA,SOFT,4.0,25.0,21.0
2024,10,RIC,SOFT,1.0,17.0,16.0
2024,10,RUS,SOFT,4.0,19.0,15.0
2024,10,SAI,SOFT,1.0,16.0,15.0
2024,10,SAR,SOFT,1.0,15.0,14.0
2024,10,STR,SOFT,1.0,18.0,17.0
2024,10,TSU,SOFT,1.0,10.0,9.0
2024,10,VER,SOFT,4.0,21.0,17.0
2024,10,ZHO,SOFT,1.0,10.0,9.0
2024,16,ALB,MEDIUM,1.0,18.0,17.0
2024,16,ALO,MEDIUM,2.0,14.0,12.0
2024,16,BOT,HARD,2.0,35.0,33.0
2024,16,COL,MEDIUM,1.0,17.0,16.0
2024,16,GAS,MEDIUM,1.0,11.0,10.0
2024,16,HAM,MEDIUM,1.0,16.0,15.0
2024,16,HUL,MEDIUM,1.0,6.0,5.0
2024,16,LEC,MEDIUM,1.0,16.0,15.0
2024,16,MAG,MEDIUM,1.0,15.0,14.0
2024,16,NOR,MEDIUM,1.0,15.0,14.0
2024,16,OCO,HARD,1.0,32.0,31.0
2024,16,PER,HARD,1.0,24.0,23.0
2024,16,PIA,MEDIUM,1.0,17.0,16.0
2024,16,RIC,MEDIUM,1.0,12.0,11.0
2024,16,RUS,MEDIUM,1.0,12.0,11.0
2024,16,SAI,MEDIUM,1.0,20.0,19.0
2024,16,STR,HARD,2.0,21.0,19.0
2024,16,TSU,HARD,2.0,9.0,7.0
2024,16,VER,HARD,1.0,23.0,22.0
2024,16,ZHO,MEDIUM,2.0,17.0,15.0
2024,17,ALB,HARD,1.0,32.0,31.0
2024,17,ALO,MEDIUM,2.0,13.0,11.0
2024,17,BEA,MEDIUM,1.0,15.0,14.0
2024,17,BOT,MEDIUM,2.0,13.0,11.0
2024,17,COL,MEDIUM,1.0,11.0,10.0
2024,17,GAS,HARD,1.0,51.0,50.0
2024,17,HAM,MEDIUM,1.0,13.0,12.0
2024,17,HUL,MEDIUM,1.0,16.0,15.0
2024,17,LEC,MEDIUM,1.0,17.0,16.0
2024,17,NOR,HARD,1.0,38.0,37.0
2024,17,OCO,HARD,4.0,53.0,49.0
2024,17,PER,MEDIUM,1.0,14.0,13.0
2024,17,PIA,MEDIUM,1.0,16.0,15.0
2024,17,RIC,HARD,2.0,51.0,49.0
2024,17,RUS,MEDIUM,1.0,13.0,12.0
2024,17,SAI,MEDIUM,1.0,18.0,17.0
2024,17,STR,MEDIUM,2.0,3.0,1.0
2024,17,TSU,MEDIUM,2.0,14.0,12.0
2024,17,VER,MEDIUM,1.0,13.0,12.0
2024,17,ZHO,HARD,2.0,36.0,34.0
2024,5,ALB,MEDIUM,1.0,10.0,9.0
2024,5,ALO,MEDIUM,1.0,12.0,11.0
2024,5,BOT,MEDIUM,1.0,10.0,9.0
2024,5,GAS,MEDIUM,1.0,12.0,11.0
2024,5,HAM,SOFT,1.0,10.0,9.0
2024,5,HUL,MEDIUM,1.0,9.0,8.0
2024,5,LEC,MEDIUM,1.0,22.0,21.0
2024,5,MAG,HARD,1.0,18.0,17.0
2024,5,NOR,MEDIUM,1.0,23.0,22.0
2024,5,OCO,MEDIUM,1.0,10.0,9.0
2024,5,PER,MEDIUM,1.0,14.0,13.0
2024,5,PIA,MEDIUM,1.0,17.0,16.0
2024,5,RIC,MEDIUM,1.0,15.0,14.0
2024,5,RUS,MEDIUM,1.0,12.0,11.0
2024,5,SAI,MEDIUM,1.0,18.0,17.0
2024,5,SAR,SOFT,1.0,13.0,12.0
2024,5,STR,SOFT,1.0,10.0,9.0
2024,5,TSU,SOFT,1.0,9.0,8.0
2024,5,VER,MEDIUM,1.0,14.0,13.0
2024,5,ZHO,MEDIUM,1.0,9.0,8.0
2024,4,ALB,SOFT,1.0,2.0,1.0
2024,4,ALO,SOFT,1.0,2.0,1.0
2024,4,BOT,SOFT,1.0,2.0,1.0
2024,4,GAS,SOFT,1.0,2.0,1.0
2024,4,HAM,MEDIUM,1.0,2.0,1.0
2024,4,HUL,SOFT,1.0,2.0,1.0
2024,4,LEC,MEDIUM,1.0,2.0,1.0
2024,4,MAG,MEDIUM,1.0,2.0,1.0
2024,4,NOR,MEDIUM,1.0,2.0,1.0
2024,4,OCO,SOFT,1.0,2.0,1.0
2024,4,PER,MEDIUM,1.0,2.0,1.0
2024,4,PIA,MEDIUM,1.0,2.0,1.0
2024,4,RIC,MEDIUM,1.0,2.0,1.0
2024,4,RUS,MEDIUM,1.0,2.0,1.0
2024,4,SAI,MEDIUM,1.0,2.0,1.0
2024,4,SAR,SOFT,1.0,2.0,1.0
2024,4,STR,SOFT,1.0,2.0,1.0
2024,4,TSU,MEDIUM,1.0,2.0,1.0
2024,4,VER,MEDIUM,1.0,2.0,1.0
2024,4,ZHO,MEDIUM,1.0,2.0,1.0
